USE Restaurant;

INSERT INTO Mesero (nombre, apellido) VALUES
('Jazmin', 'Viveros'),
('Isai', 'Vásquez'),
('Christian', 'Luna'),
('Noel', 'Martínez'),
('Gael', 'Lobato'),
('Azael', 'Galván'),
('Gael', 'Murrieta'),
('Antonio', 'Hernández'),
('Pato', 'Donall'),
('Lesly', 'Cruz'),
('Yesenia', 'Villa'),
('Darien', 'López'),
('Lalo', 'Basllesteros'),
('Edith', 'Duque'),
('Odie', 'Murrieta'),
('Kevin', 'Lozano'),
('Chucho', 'Toño'),
('Ana', 'Hernández'),
('Angie', 'Juarez'),
('Israel', 'Landa');

INSERT INTO Orden (idMesero, numMesa, Fecha_hora) VALUES
(1, 1, '2024-12-01 06:15:00'),
(2, 2, '2024-12-01 11:30:00'),
(3, 3, '2024-12-02 04:45:00'),
(4, 4, '2024-12-02 09:20:00'),
(5, 5, '2024-12-03 07:15:00'),
(6, 6, '2024-12-03 16:30:00'),
(7, 7, '2024-12-04 05:25:00'),
(8, 8, '2024-12-04 18:10:00'),
(9, 9, '2024-12-05 12:40:00'),
(10, 10, '2024-12-05 20:00:00'),
(11, 11, '2024-12-06 02:50:00'),
(12, 12, '2024-12-06 08:35:00'),
(13, 13, '2024-12-06 11:10:00'),
(14, 14, '2024-12-07 01:00:00'),
(15, 15, '2024-12-07 07:50:00'),
(16, 16, '2024-12-07 16:40:00'),
(17, 17, '2024-12-08 10:25:00'),
(18, 18, '2024-12-08 13:50:00'),
(19, 19, '2024-12-09 14:00:00'),
(20, 20, '2024-12-09 17:30:00');

INSERT INTO Platillo (nombre, precio, Descripcion, modoPreparacion, tiempoPreparacion, tipoPlatillo) VALUES
('Tacos al Pastor', 50.00, 'Tacos con carne de cerdo adobada', 'Asar en el trompo, cortar y servir con piña', '10 minutos', 'Cocina nacional'),
('Sushi', 120.00, 'Sushi con pescado fresco', 'Enrollar arroz con pescado y algas nori', '30 minutos', 'Cocina internacional'),
('Pizza', 150.00, 'Pizza con tomate, mozzarella y albahaca', 'Hornear a 220°C por 15 minutos', '20 minutos', 'Cocina internacional'),
('Hamburguesas', 80.00, 'Hamburguesas de carne con pan', 'Cocinar la carne, colocar en pan y añadir ingredientes', '15 minutos', 'Cocina nacional'),
('Enchiladas', 70.00, 'Tortillas rellenas de pollo bañadas en salsa', 'Freír las tortillas y bañar en salsa roja', '20 minutos', 'Cocina nacional'),
('Especial de la casa', 120.00, 'Especialidad de la casa', 'Recalentar comida atrasada', '10 minutos', 'Especiales'),
('Ceviche', 100.00, 'Pescado marinado con jugo de limón y verduras', 'Marinar el pescado y mezclar con vegetales', '15 minutos', 'Cocina nacional'),
('Fajitas', 110.00, 'Carne, pimientos y cebolla', 'Sofreír todo junto y servir', '25 minutos', 'Cocina nacional'),
('Paella', 200.00, 'Arroz con mariscos y vegetales', 'Cocinar arroz con mariscos y verduras', '40 minutos', 'Cocina internacional'),
('Curry de Pollo', 160.00, 'Pollo en salsa de curry con arroz', 'Cocer pollo con salsa de curry', '30 minutos', 'Cocina internacional'),
('Lasaña', 150.00, 'Capas de pasta con carne y queso', 'Hornear las capas de pasta con carne', '40 minutos', 'Cocina internacional'),
('Chiles en Nogada', 180.00, 'Chiles poblanos rellenos de picadillo', 'Rellenar los chiles y cubrir con salsa de nuez', '30 minutos', 'Cocina nacional'),
('Sopa', 60.00, 'Sopa de pollo', 'Cocer pollo y añadir verduras', '15 minutos', 'Cocina nacional'),
('Guacamole', 50.00, 'Aguacate con cebolla, tomate y chile', 'Mezclar ingredientes en un molcajete', '5 minutos', 'Cocina nacional'),
('Coca-Cola 3L', 70.00, 'Bebida refrescante', NULL, NULL , 'Bebidas'),
('Hot Dogs', 60.00, 'Perro caliente con salchicha', 'Colocar la salchicha en pan y añadir condimentos', '10 minutos', 'Cocina nacional'),
('Spaguetti', 120.00, 'Espagueti con salsa de tomate', 'Hervir espaguetis y agregar salsa', '20 minutos', 'Cocina internacional'),
('Mole Poblano', 150.00, 'Pollo en salsa de mole', 'Cocer pollo y bañarlo con mole', '40 minutos', 'Cocina nacional'),
('Pasta', 130.00, 'Pasta con salsa cremosa de huevo y panceta', 'Cocer pasta y mezclar con la salsa', '20 minutos', 'Cocina internacional'),
('Pescado a la Veracruzana', 160.00, 'Pescado en salsa de tomate, aceitunas y alcaparras', 'Cocer el pescado y añadir la salsa', '30 minutos', 'Cocina nacional');

INSERT INTO Platillos_Solicitados (idOrden, idPlatillo, cantidad) VALUES
(1, 1, 3),
(1, 2, 2),
(2, 3, 1),
(2, 4, 3),
(3, 5, 2),
(3, 6, 1),
(4, 7, 2),
(4, 8, 3),
(5, 9, 1),
(5, 10, 2),
(6, 11, 1),
(6, 12, 2),
(7, 13, 1),
(7, 14, 2),
(8, 15, 3),
(8, 16, 1),
(9, 17, 2),
(9, 18, 3),
(10, 19, 2),
(10, 20, 1);

INSERT INTO Pago (Monto, Fecha, tipoPago) VALUES
(100.50, '2024-12-01', 'Tarjeta'),
(150.75, '2024-12-01', 'Efectivo'),
(200.00, '2024-12-02', 'App'),
(50.00, '2024-12-02', 'Tarjeta'),
(120.30, '2024-12-03', 'Efectivo'),
(180.10, '2024-12-03', 'App'),
(95.45, '2024-12-04', 'Efectivo'),
(210.90, '2024-12-04', 'Tarjeta'),
(130.65, '2024-12-05', 'App'),
(175.80, '2024-12-05', 'Tarjeta'),
(80.00, '2024-12-06', 'App'),
(160.20, '2024-12-06', 'Tarjeta'),
(190.50, '2024-12-06', 'Efectivo'),
(140.00, '2024-12-07', 'Tarjeta'),
(1243.00, '2024-12-07', 'Tarjeta'),
(170.00, '2024-12-07', 'App'),
(50.00, '2024-12-08', 'Efectivo'),
(220.40, '2024-12-08', 'Tarjeta'),
(110.60, '2024-12-09', 'App'),
(200.00, '2024-12-09', 'Efectivo');

INSERT INTO Ventas (idPago, idOrden, fecha) VALUES
(1, 1, '2024-12-01 06:15:00'),
(2, 2, '2024-12-01 11:30:00'),
(3, 3, '2024-12-02 04:45:00'),
(4, 4, '2024-12-02 09:20:00'),
(5, 5, '2024-12-03 07:15:00'),
(6, 6, '2024-12-03 16:30:00'),
(7, 7, '2024-12-04 05:25:00'),
(8, 8, '2024-12-04 18:10:00'),
(9, 9, '2024-12-05 12:40:00'),
(10, 10, '2024-12-05 20:00:00'),
(11, 11, '2024-12-06 02:50:00'),
(12, 12, '2024-12-06 08:35:00'),
(13, 13, '2024-12-06 11:10:00'),
(14, 14, '2024-12-07 01:00:00'),
(15, 15, '2024-12-07 07:50:00'),
(16, 16, '2024-12-07 16:40:00'),
(17, 17, '2024-12-08 10:25:00'),
(18, 18, '2024-12-08 13:50:00'),
(19, 19, '2024-12-09 14:00:00'),
(20, 20, '2024-12-09 17:30:00');

INSERT INTO Platillos_Consumidos (FolioVenta, idPlatillo, cantidad) VALUES
(1, 1, 2),
(1, 2, 1),
(2, 3, 2),
(2, 4, 3),
(3, 5, 2),
(3, 6, 1),
(4, 7, 3),
(4, 8, 1),
(5, 9, 2),
(5, 10, 1),
(6, 11, 3),
(6, 12, 2),
(7, 13, 1),
(7, 14, 3),
(8, 15, 2),
(8, 16, 1),
(9, 17, 3),
(9, 18, 2),
(10, 19, 1),
(10, 20, 3);
